groupe,github_user
groupe-01,gaellemlz
groupe-01,olivier-gp1
groupe-01,alexandrapoye 
groupe-01,romaindurot
groupe-02,alexiacecilebecourt-hub
groupe-02,ArthurHONORAT
groupe-02,Julien-Guilloteau
groupe-02,ClementBrth
groupe-03,LucaDimovici
groupe-03,AliiiAg
groupe-03,abdulsvdg
groupe-04,mkherazi34
groupe-04,MelissaBenali
groupe-04,kahinatesbia
groupe-05,evan34000
groupe-05,yaniscluzel23-wq
groupe-05,Matteo-gsrd
groupe-06,samy-sadeg
groupe-06,Madicke-mbodj
groupe-06,Charly-Lima-byte
groupe-07,andresestevezmeyer 
groupe-07,jeanpascalcouf-sys
groupe-07,remir2d2
groupe-08,simoderfoufi17-collab
groupe-08,bensalembillal2000-ui
